code,Date,Item No_,Vendor No_,Name,No_,Item Description,Inventory Posting Group,Store No_,Item family Code,Category,Product Group,Vendor No,Vendor Name,Vendor Item No_,Division,Quantity,Vendor Retail Price Ex_ VAT,Receipt No_,Commission %,E-Mail,Payable,Commission
101V00706,2026-03-01,H00082474,101V00706,INNOMOBI GENERAL TRADING L.L.C ,,AIRWHEEL SQ3 PINK,CONSIGNMNT,101S01,AIRWHEEL,SPORTS AND LEISURE,BATTERY OPERATED VEHICLES,101V00706,INNOMOBI GENERAL TRADING L.L.C ,SQ3 PINK,Hamleys,1.0,1522.86,0000000101000141250,40.0," admin@airwheel-uae.com, nutthawadee.s@airwheel.ae",913.716,609.144
101V00706,2026-03-02,H00082473,101V00706,INNOMOBI GENERAL TRADING L.L.C ,,AIRWHEEL SQ3 BLUE,CONSIGNMNT,101S20,AIRWHEEL,SPORTS AND LEISURE,BATTERY OPERATED VEHICLES,101V00706,INNOMOBI GENERAL TRADING L.L.C ,SQ3 BLUE,Hamleys,1.0,1522.86,0000002004000026478,40.0," admin@airwheel-uae.com, nutthawadee.s@airwheel.ae",913.716,609.144
101V00706,2026-03-16,H00082474,101V00706,INNOMOBI GENERAL TRADING L.L.C ,,AIRWHEEL SQ3 PINK,CONSIGNMNT,101S01,AIRWHEEL,SPORTS AND LEISURE,BATTERY OPERATED VEHICLES,101V00706,INNOMOBI GENERAL TRADING L.L.C ,SQ3 PINK,Hamleys,1.0,1522.86,0000000101000142043,40.0," admin@airwheel-uae.com, nutthawadee.s@airwheel.ae",913.716,609.144
101V00706,2026-03-18,H00082470,101V00706,INNOMOBI GENERAL TRADING L.L.C ,,AIRWHEEL SE3S BLACK,CONSIGNMNT,101S01,AIRWHEEL,SPORTS AND LEISURE,BATTERY OPERATED VEHICLES,101V00706,INNOMOBI GENERAL TRADING L.L.C ,SE3S BLACK,Hamleys,1.0,2856.19,0000000101000142093,40.0," admin@airwheel-uae.com, nutthawadee.s@airwheel.ae",1713.714,1142.476
101V00706,2026-03-18,H00082471,101V00706,INNOMOBI GENERAL TRADING L.L.C ,,AIRWHEEL SE3S SILVER,CONSIGNMNT,101S01,AIRWHEEL,SPORTS AND LEISURE,BATTERY OPERATED VEHICLES,101V00706,INNOMOBI GENERAL TRADING L.L.C ,SE3S SILVER,Hamleys,1.0,2856.19,0000000101000142127,40.0," admin@airwheel-uae.com, nutthawadee.s@airwheel.ae",1713.714,1142.476
101V00706,2026-03-20,H00082474,101V00706,INNOMOBI GENERAL TRADING L.L.C ,,AIRWHEEL SQ3 PINK,CONSIGNMNT,101S01,AIRWHEEL,SPORTS AND LEISURE,BATTERY OPERATED VEHICLES,101V00706,INNOMOBI GENERAL TRADING L.L.C ,SQ3 PINK,Hamleys,1.0,1522.86,0000000101000142254,40.0," admin@airwheel-uae.com, nutthawadee.s@airwheel.ae",913.716,609.144
101V00706,2026-03-20,H00082473,101V00706,INNOMOBI GENERAL TRADING L.L.C ,,AIRWHEEL SQ3 BLUE,CONSIGNMNT,101S01,AIRWHEEL,SPORTS AND LEISURE,BATTERY OPERATED VEHICLES,101V00706,INNOMOBI GENERAL TRADING L.L.C ,SQ3 BLUE,Hamleys,2.0,3045.72,0000000101000142254,40.0," admin@airwheel-uae.com, nutthawadee.s@airwheel.ae",1827.432,1218.288
101V00706,2026-03-20,H00082474,101V00706,INNOMOBI GENERAL TRADING L.L.C ,,AIRWHEEL SQ3 PINK,CONSIGNMNT,101S02,AIRWHEEL,SPORTS AND LEISURE,BATTERY OPERATED VEHICLES,101V00706,INNOMOBI GENERAL TRADING L.L.C ,SQ3 PINK,Hamleys,1.0,1522.86,0000000202000151790,40.0," admin@airwheel-uae.com, nutthawadee.s@airwheel.ae",913.716,609.144
101V00706,2026-03-20,H00082473,101V00706,INNOMOBI GENERAL TRADING L.L.C ,,AIRWHEEL SQ3 BLUE,CONSIGNMNT,101S02,AIRWHEEL,SPORTS AND LEISURE,BATTERY OPERATED VEHICLES,101V00706,INNOMOBI GENERAL TRADING L.L.C ,SQ3 BLUE,Hamleys,1.0,1522.86,0000000203000131277,40.0," admin@airwheel-uae.com, nutthawadee.s@airwheel.ae",913.716,609.144
101V00706,2026-03-22,H00082473,101V00706,INNOMOBI GENERAL TRADING L.L.C ,,AIRWHEEL SQ3 BLUE,CONSIGNMNT,101S01,AIRWHEEL,SPORTS AND LEISURE,BATTERY OPERATED VEHICLES,101V00706,INNOMOBI GENERAL TRADING L.L.C ,SQ3 BLUE,Hamleys,1.0,1522.86,0000000102000171734,40.0," admin@airwheel-uae.com, nutthawadee.s@airwheel.ae",913.716,609.144
101V00706,2026-03-21,H00082472,101V00706,INNOMOBI GENERAL TRADING L.L.C ,,AIRWHEEL SE3S PINK,CONSIGNMNT,101S02,AIRWHEEL,SPORTS AND LEISURE,BATTERY OPERATED VEHICLES,101V00706,INNOMOBI GENERAL TRADING L.L.C ,SE3S PINK,Hamleys,1.0,2856.19,0000000202000151812,40.0," admin@airwheel-uae.com, nutthawadee.s@airwheel.ae",1713.714,1142.476
101V00706,2026-03-22,H00082473,101V00706,INNOMOBI GENERAL TRADING L.L.C ,,AIRWHEEL SQ3 BLUE,CONSIGNMNT,101S02,AIRWHEEL,SPORTS AND LEISURE,BATTERY OPERATED VEHICLES,101V00706,INNOMOBI GENERAL TRADING L.L.C ,SQ3 BLUE,Hamleys,2.0,3045.72,0000000202000152060,40.0," admin@airwheel-uae.com, nutthawadee.s@airwheel.ae",1827.432,1218.288
101V00706,2026-03-29,H00082470,101V00706,INNOMOBI GENERAL TRADING L.L.C ,,AIRWHEEL SE3S BLACK,CONSIGNMNT,101S01,AIRWHEEL,SPORTS AND LEISURE,BATTERY OPERATED VEHICLES,101V00706,INNOMOBI GENERAL TRADING L.L.C ,SE3S BLACK,Hamleys,1.0,2856.19,0000000103000178829,40.0," admin@airwheel-uae.com, nutthawadee.s@airwheel.ae",1713.714,1142.476
101V00706,2026-03-31,H00082471,101V00706,INNOMOBI GENERAL TRADING L.L.C ,,AIRWHEEL SE3S SILVER,CONSIGNMNT,101S02,AIRWHEEL,SPORTS AND LEISURE,BATTERY OPERATED VEHICLES,101V00706,INNOMOBI GENERAL TRADING L.L.C ,SE3S SILVER,Hamleys,1.0,2856.19,0000000203000131982,40.0," admin@airwheel-uae.com, nutthawadee.s@airwheel.ae",1713.714,1142.476
